1,1,128,100,0.000917042
2,1,128,100,0.00108962
4,1,128,100,0.00114748
8,1,128,100,0.00123962
16,1,128,100,0.00128966
32,1,128,100,0.00143636
64,1,128,100,0.00153534
128,1,128,100,0.0015859
256,1,128,100,0.00170158
512,1,128,100,0.00189176
1,1,128,128,0.000952311
2,1,128,128,0.00104357
4,1,128,128,0.00106138
8,1,128,128,0.00120224
16,1,128,128,0.00132116
32,1,128,128,0.00136427
64,1,128,128,0.00145295
128,1,128,128,0.00157858
256,1,128,128,0.00163343
512,1,128,128,0.00196227
1,1,128,200,0.00143714
2,1,128,200,0.00118486
4,1,128,200,0.00127519
8,1,128,200,0.00148186
16,1,128,200,0.00156759
32,1,128,200,0.00157857
64,1,128,200,0.0016761
128,1,128,200,0.00180134
256,1,128,200,0.00195951
512,1,128,200,0.00262712
1,1,128,256,0.00160439
2,1,128,256,0.00116848
4,1,128,256,0.00125751
8,1,128,256,0.00148454
16,1,128,256,0.0016068
32,1,128,256,0.00162037
64,1,128,256,0.00173884
128,1,128,256,0.00188392
256,1,128,256,0.00209795
512,1,128,256,0.00276768
1,1,128,300,0.00223272
2,1,128,300,0.00128606
4,1,128,300,0.00135358
8,1,128,300,0.00173795
16,1,128,300,0.00178202
32,1,128,300,0.00191061
64,1,128,300,0.00207634
128,1,128,300,0.0022134
256,1,128,300,0.00249038
512,1,128,300,0.00398936
1,1,128,32,0.000745341
2,1,128,32,0.000963031
4,1,128,32,0.000985136
8,1,128,32,0.00109775
16,1,128,32,0.0010625
32,1,128,32,0.00120548
64,1,128,32,0.00122798
128,1,128,32,0.00132299
256,1,128,32,0.00137529
512,1,128,32,0.00159835
1,1,128,400,0.00307921
2,1,128,400,0.00136515
4,1,128,400,0.00145715
8,1,128,400,0.00184274
16,1,128,400,0.00191866
32,1,128,400,0.00202601
64,1,128,400,0.00216087
128,1,128,400,0.00230294
256,1,128,400,0.00274471
512,1,128,400,0.00440057
1,1,128,64,0.000769637
2,1,128,64,0.00103301
4,1,128,64,0.00105383
8,1,128,64,0.00112689
16,1,128,64,0.00113535
32,1,128,64,0.00130502
64,1,128,64,0.00132116
128,1,128,64,0.00135918
256,1,128,64,0.00147455
512,1,128,64,0.00162458
1,1,200,100,0.00135194
2,1,200,100,0.00157589
4,1,200,100,0.00168898
8,1,200,100,0.00188743
16,1,200,100,0.0018615
32,1,200,100,0.00215598
64,1,200,100,0.00223235
128,1,200,100,0.00247097
256,1,200,100,0.00255763
512,1,200,100,0.00292644
1,1,200,128,0.00131024
2,1,200,128,0.00151504
4,1,200,128,0.00161878
8,1,200,128,0.00186638
16,1,200,128,0.00197691
32,1,200,128,0.00211738
64,1,200,128,0.0022259
128,1,200,128,0.00235552
256,1,200,128,0.00249797
512,1,200,128,0.00293468
1,1,200,200,0.00210274
2,1,200,200,0.0017931
4,1,200,200,0.00192047
8,1,200,200,0.00220672
16,1,200,200,0.0023382
32,1,200,200,0.00248934
64,1,200,200,0.00258623
128,1,200,200,0.00275049
256,1,200,200,0.00297752
512,1,200,200,0.00405015
1,1,200,256,0.00266876
2,1,200,256,0.00172829
4,1,200,256,0.00185101
8,1,200,256,0.00226459
16,1,200,256,0.00250152
32,1,200,256,0.00252735
64,1,200,256,0.00266693
128,1,200,256,0.00283298
256,1,200,256,0.0032107
512,1,200,256,0.00423782
1,1,200,300,0.00309818
2,1,200,300,0.00191128
4,1,200,300,0.0021176
8,1,200,300,0.00267301
16,1,200,300,0.00268984
32,1,200,300,0.00289991
64,1,200,300,0.00316457
128,1,200,300,0.00338047
256,1,200,300,0.00387754
512,1,200,300,0.00604691
1,1,200,32,0.00108883
2,1,200,32,0.00143992
4,1,200,32,0.00145005
8,1,200,32,0.00152563
16,1,200,32,0.00159164
32,1,200,32,0.00182735
64,1,200,32,0.00182664
128,1,200,32,0.00187871
256,1,200,32,0.00206745
512,1,200,32,0.00229972
1,1,200,400,0.00466014
2,1,200,400,0.00201101
4,1,200,400,0.00223455
8,1,200,400,0.00286636
16,1,200,400,0.00296368
32,1,200,400,0.00316342
64,1,200,400,0.00322681
128,1,200,400,0.0034903
256,1,200,400,0.00413806
512,1,200,400,0.00674729
1,1,200,64,0.00108001
2,1,200,64,0.00146431
4,1,200,64,0.00155873
8,1,200,64,0.00167686
16,1,200,64,0.00164349
32,1,200,64,0.00194597
64,1,200,64,0.0020877
128,1,200,64,0.00214398
256,1,200,64,0.00229336
512,1,200,64,0.00253878
1,1,256,100,0.00164252
2,1,256,100,0.00198095
4,1,256,100,0.00201777
8,1,256,100,0.00233682
16,1,256,100,0.00236834
32,1,256,100,0.00268449
64,1,256,100,0.00295784
128,1,256,100,0.00302597
256,1,256,100,0.00328258
512,1,256,100,0.00363755
1,1,256,128,0.00171698
2,1,256,128,0.0019365
4,1,256,128,0.00214009
8,1,256,128,0.00232868
16,1,256,128,0.00251445
32,1,256,128,0.00263757
64,1,256,128,0.00287692
128,1,256,128,0.00293831
256,1,256,128,0.00318523
512,1,256,128,0.00378213
1,1,256,200,0.00262456
2,1,256,200,0.00227352
4,1,256,200,0.00235897
8,1,256,200,0.00281196
16,1,256,200,0.00295343
32,1,256,200,0.00309031
64,1,256,200,0.00332842
128,1,256,200,0.00347717
256,1,256,200,0.00390979
512,1,256,200,0.00520121
1,1,256,256,0.00331787
2,1,256,256,0.00211677
4,1,256,256,0.00231677
8,1,256,256,0.00287509
16,1,256,256,0.00305147
32,1,256,256,0.00320453
64,1,256,256,0.00334464
128,1,256,256,0.00358192
256,1,256,256,0.00408654
512,1,256,256,0.00545135
1,1,256,300,0.0043247
2,1,256,300,0.00242599
4,1,256,300,0.00256255
8,1,256,300,0.00319343
16,1,256,300,0.00346367
32,1,256,300,0.00373919
64,1,256,300,0.00400463
128,1,256,300,0.00434803
256,1,256,300,0.00484792
512,1,256,300,0.00775464
1,1,256,32,0.0013332
2,1,256,32,0.00174543
4,1,256,32,0.00184829
8,1,256,32,0.00203189
16,1,256,32,0.00198671
32,1,256,32,0.00234459
64,1,256,32,0.00234168
128,1,256,32,0.00243037
256,1,256,32,0.00267722
512,1,256,32,0.00283366
1,1,256,400,0.00620473
2,1,256,400,0.00252967
4,1,256,400,0.00278184
8,1,256,400,0.00360778
16,1,256,400,0.00372331
32,1,256,400,0.00389651
64,1,256,400,0.00411152
128,1,256,400,0.00453095
256,1,256,400,0.00536025
512,1,256,400,0.00866402
1,1,256,64,0.00139492
2,1,256,64,0.00176053
4,1,256,64,0.00188715
8,1,256,64,0.00212193
16,1,256,64,0.00210364
32,1,256,64,0.00244845
64,1,256,64,0.0024644
128,1,256,64,0.00262068
256,1,256,64,0.00279393
512,1,256,64,0.0031711
1,1,32,100,0.000356981
2,1,32,100,0.000392401
4,1,32,100,0.000374293
8,1,32,100,0.000431796
16,1,32,100,0.000399914
32,1,32,100,0.000440675
64,1,32,100,0.000488583
128,1,32,100,0.000501914
256,1,32,100,0.000531075
512,1,32,100,0.00057564
1,1,32,128,0.000297438
2,1,32,128,0.000385089
4,1,32,128,0.000391811
8,1,32,128,0.000417127
16,1,32,128,0.000406715
32,1,32,128,0.000452466
64,1,32,128,0.000428385
128,1,32,128,0.000501004
256,1,32,128,0.000497951
512,1,32,128,0.00055016
1,1,32,200,0.000469472
2,1,32,200,0.000380967
4,1,32,200,0.000420957
8,1,32,200,0.000490853
16,1,32,200,0.000476948
32,1,32,200,0.000516105
64,1,32,200,0.000537739
128,1,32,200,0.000567394
256,1,32,200,0.000608761
512,1,32,200,0.000772037
1,1,32,256,0.000477846
2,1,32,256,0.000378305
4,1,32,256,0.000423161
8,1,32,256,0.000479662
16,1,32,256,0.000519215
32,1,32,256,0.000509131
64,1,32,256,0.000517073
128,1,32,256,0.000579955
256,1,32,256,0.00064198
512,1,32,256,0.000799749
1,1,32,300,0.000642838
2,1,32,300,0.000450457
4,1,32,300,0.00045966
8,1,32,300,0.000557791
16,1,32,300,0.000551034
32,1,32,300,0.000584206
64,1,32,300,0.000598038
128,1,32,300,0.000650114
256,1,32,300,0.000744728
512,1,32,300,0.00110905
1,1,32,32,0.000302038
2,1,32,32,0.000371799
4,1,32,32,0.000368247
8,1,32,32,0.000342074
16,1,32,32,0.000345556
32,1,32,32,0.00040249
64,1,32,32,0.000415465
128,1,32,32,0.000431494
256,1,32,32,0.000434238
512,1,32,32,0.000462773
1,1,32,400,0.000838529
2,1,32,400,0.000435394
4,1,32,400,0.000473522
8,1,32,400,0.00058185
16,1,32,400,0.000588742
32,1,32,400,0.000612762
64,1,32,400,0.000619204
128,1,32,400,0.000675285
256,1,32,400,0.000782913
512,1,32,400,0.00119291
1,1,32,64,0.000287802
2,1,32,64,0.000321601
4,1,32,64,0.000392532
8,1,32,64,0.000382218
16,1,32,64,0.000402259
32,1,32,64,0.000412598
64,1,32,64,0.000451273
128,1,32,64,0.000422634
256,1,32,64,0.000451659
512,1,32,64,0.000534767
1,1,64,100,0.000501038
2,1,64,100,0.000606315
4,1,64,100,0.000613788
8,1,64,100,0.000697931
16,1,64,100,0.000714594
32,1,64,100,0.000773537
64,1,64,100,0.000801293
128,1,64,100,0.000896907
256,1,64,100,0.000887157
512,1,64,100,0.00103372
1,1,64,128,0.000515741
2,1,64,128,0.000574427
4,1,64,128,0.000580692
8,1,64,128,0.000691625
16,1,64,128,0.000747887
32,1,64,128,0.00072866
64,1,64,128,0.000764748
128,1,64,128,0.000839441
256,1,64,128,0.000957342
512,1,64,128,0.00103969
1,1,64,200,0.000739951
2,1,64,200,0.000636681
4,1,64,200,0.000665907
8,1,64,200,0.000796632
16,1,64,200,0.000832114
32,1,64,200,0.000887382
64,1,64,200,0.000881865
128,1,64,200,0.000970249
256,1,64,200,0.00104381
512,1,64,200,0.00142034
1,1,64,256,0.000813639
2,1,64,256,0.000662294
4,1,64,256,0.000691674
8,1,64,256,0.000820026
16,1,64,256,0.000873719
32,1,64,256,0.000878041
64,1,64,256,0.000925615
128,1,64,256,0.00102016
256,1,64,256,0.00111306
512,1,64,256,0.00145947
1,1,64,300,0.00117598
2,1,64,300,0.0007134
4,1,64,300,0.000743368
8,1,64,300,0.000943649
16,1,64,300,0.000953477
32,1,64,300,0.00100975
64,1,64,300,0.00110223
128,1,64,300,0.00117582
256,1,64,300,0.00129727
512,1,64,300,0.00211153
1,1,64,32,0.000435275
2,1,64,32,0.000556295
4,1,64,32,0.000574843
8,1,64,32,0.000595394
16,1,64,32,0.000576691
32,1,64,32,0.000703752
64,1,64,32,0.000692396
128,1,64,32,0.000723855
256,1,64,32,0.000747581
512,1,64,32,0.000779454
1,1,64,64,0.000451932
2,1,64,64,0.00055857
4,1,64,64,0.000569043
8,1,64,64,0.00063343
16,1,64,64,0.000646393
32,1,64,64,0.000716748
64,1,64,64,0.000738094
128,1,64,64,0.00076571
256,1,64,64,0.000789187
512,1,64,64,0.00091149
1,2,128,100,0.00168766
2,2,128,100,0.00197841
4,2,128,100,0.00210522
8,2,128,100,0.00230748
16,2,128,100,0.00239013
32,2,128,100,0.00274248
64,2,128,100,0.00299046
128,2,128,100,0.00294619
256,2,128,100,0.0031768
512,2,128,100,0.00360793
1,2,128,128,0.00163976
2,2,128,128,0.00198736
4,2,128,128,0.0020595
8,2,128,128,0.0023997
16,2,128,128,0.00250894
32,2,128,128,0.0026588
64,2,128,128,0.00265778
128,2,128,128,0.00292118
256,2,128,128,0.00319946
512,2,128,128,0.00366531
1,2,128,200,0.00253854
2,2,128,200,0.00220486
4,2,128,200,0.00239946
8,2,128,200,0.00281038
16,2,128,200,0.00301557
32,2,128,200,0.00300548
64,2,128,200,0.00335393
128,2,128,200,0.00345154
256,2,128,200,0.00386672
512,2,128,200,0.00506717
1,2,128,256,0.00326261
2,2,128,256,0.00216862
4,2,128,256,0.00229383
8,2,128,256,0.00288017
16,2,128,256,0.00309232
32,2,128,256,0.00322475
64,2,128,256,0.00340016
128,2,128,256,0.00360996
256,2,128,256,0.00402909
512,2,128,256,0.00543854
1,2,128,300,0.0043024
2,2,128,300,0.00241371
4,2,128,300,0.00262059
8,2,128,300,0.00334137
16,2,128,300,0.00345503
32,2,128,300,0.00373881
64,2,128,300,0.00402547
128,2,128,300,0.00437208
256,2,128,300,0.00488515
512,2,128,300,0.00797043
1,2,128,32,0.00128646
2,2,128,32,0.00180548
4,2,128,32,0.00190006
8,2,128,32,0.00202733
16,2,128,32,0.00199017
32,2,128,32,0.0023081
64,2,128,32,0.00238251
128,2,128,32,0.00239124
256,2,128,32,0.00250616
512,2,128,32,0.00276325
1,2,128,400,0.00598946
2,2,128,400,0.00255293
4,2,128,400,0.00285766
8,2,128,400,0.00374657
16,2,128,400,0.00366291
32,2,128,400,0.00392087
64,2,128,400,0.00418222
128,2,128,400,0.00461405
256,2,128,400,0.00557929
512,2,128,400,0.00914715
1,2,128,64,0.00139298
2,2,128,64,0.00184066
4,2,128,64,0.00195026
8,2,128,64,0.00212533
16,2,128,64,0.0021134
32,2,128,64,0.00239308
64,2,128,64,0.00245598
128,2,128,64,0.00254736
256,2,128,64,0.00280197
512,2,128,64,0.00304954
1,2,200,100,0.00261498
2,2,200,100,0.00301914
4,2,200,100,0.00314405
8,2,200,100,0.00349482
16,2,200,100,0.00354545
32,2,200,100,0.00418996
64,2,200,100,0.00440097
128,2,200,100,0.00470241
256,2,200,100,0.0048885
512,2,200,100,0.00544761
1,2,200,128,0.00248062
2,2,200,128,0.0028397
4,2,200,128,0.00311165
8,2,200,128,0.00355248
16,2,200,128,0.00391953
32,2,200,128,0.00412096
64,2,200,128,0.00430995
128,2,200,128,0.00454808
256,2,200,128,0.00485636
512,2,200,128,0.00547641
1,2,200,200,0.00391853
2,2,200,200,0.00340806
4,2,200,200,0.00361677
8,2,200,200,0.00425235
16,2,200,200,0.00454658
32,2,200,200,0.00481924
64,2,200,200,0.00506014
128,2,200,200,0.00540464
256,2,200,200,0.00582565
512,2,200,200,0.00789499
1,2,200,256,0.00503911
2,2,200,256,0.00323699
4,2,200,256,0.00343831
8,2,200,256,0.0043824
16,2,200,256,0.00479896
32,2,200,256,0.00497748
64,2,200,256,0.00528404
128,2,200,256,0.00557971
256,2,200,256,0.00624872
512,2,200,256,0.00844225
1,2,200,300,0.00677531
2,2,200,300,0.00369763
4,2,200,300,0.00399945
8,2,200,300,0.00509599
16,2,200,300,0.005422
32,2,200,300,0.00576002
64,2,200,300,0.0062443
128,2,200,300,0.00673155
256,2,200,300,0.0074966
512,2,200,300,
1,2,200,32,0.00201407
2,2,200,32,0.00265334
4,2,200,32,0.002892
8,2,200,32,0.00307958
16,2,200,32,0.00306223
32,2,200,32,0.00359817
64,2,200,32,0.00352464
128,2,200,32,0.00368943
256,2,200,32,0.00392777
512,2,200,32,0.00415134
1,2,200,400,0.00960981
2,2,200,400,0.00391836
4,2,200,400,0.00427786
8,2,200,400,0.00552741
16,2,200,400,0.00579654
32,2,200,400,0.00614594
64,2,200,400,0.00647271
128,2,200,400,0.007044
256,2,200,400,0.00861529
512,2,200,400,
1,2,200,64,0.00203434
2,2,200,64,0.00276757
4,2,200,64,0.00289681
8,2,200,64,0.00326133
16,2,200,64,0.00327863
32,2,200,64,0.00378763
64,2,200,64,0.00381824
128,2,200,64,0.00412546
256,2,200,64,0.00424675
512,2,200,64,0.00466207
1,2,256,100,0.00324321
2,2,256,100,0.00391457
4,2,256,100,0.00393943
8,2,256,100,0.0045267
16,2,256,100,0.00469223
32,2,256,100,0.00530253
64,2,256,100,0.0056488
128,2,256,100,0.00585266
256,2,256,100,0.00634793
512,2,256,100,0.0069677
1,2,256,128,0.00307128
2,2,256,128,0.00368919
4,2,256,128,0.00385598
8,2,256,128,0.00459137
16,2,256,128,0.00479665
32,2,256,128,0.00513838
64,2,256,128,0.0054227
128,2,256,128,0.00569056
256,2,256,128,0.00621619
512,2,256,128,0.00710121
1,2,256,200,0.00479835
2,2,256,200,0.00425384
4,2,256,200,0.00461035
8,2,256,200,0.0056709
16,2,256,200,0.00587296
32,2,256,200,0.00620386
64,2,256,200,0.00643482
128,2,256,200,0.00679119
256,2,256,200,0.00739876
512,2,256,200,0.00998178
1,2,256,256,0.00639951
2,2,256,256,0.00410656
4,2,256,256,0.00440555
8,2,256,256,0.00558812
16,2,256,256,0.00597954
32,2,256,256,0.00648565
64,2,256,256,0.00663
128,2,256,256,0.00721523
256,2,256,256,0.0078694
512,2,256,256,
1,2,256,300,0.00841828
2,2,256,300,0.00466607
4,2,256,300,0.00507137
8,2,256,300,0.00644259
16,2,256,300,0.00695355
32,2,256,300,0.00733869
64,2,256,300,0.00802951
128,2,256,300,0.00842477
256,2,256,300,0.00963356
512,2,256,300,
1,2,256,32,0.00249205
2,2,256,32,0.00343996
4,2,256,32,0.00367624
8,2,256,32,0.00378017
16,2,256,32,0.00389994
32,2,256,32,0.00453925
64,2,256,32,0.00440563
128,2,256,32,0.00464886
256,2,256,32,0.00501554
512,2,256,32,0.00539228
1,2,256,400,0.0119887
2,2,256,400,0.00509331
4,2,256,400,0.00539266
8,2,256,400,0.00721961
16,2,256,400,0.0074292
32,2,256,400,0.00772228
64,2,256,400,0.00825571
128,2,256,400,0.00901279
256,2,256,400,0.0110833
512,2,256,400,
1,2,256,64,0.00259195
2,2,256,64,0.00346653
4,2,256,64,0.0037628
8,2,256,64,0.00403143
16,2,256,64,0.00404692
32,2,256,64,0.00465565
64,2,256,64,0.00501803
128,2,256,64,0.00515065
256,2,256,64,0.00530207
512,2,256,64,0.00596538
1,2,32,100,0.000522122
2,2,32,100,0.000622095
4,2,32,100,0.000639587
8,2,32,100,0.000695968
16,2,32,100,0.00069211
32,2,32,100,0.000816046
64,2,32,100,0.000802516
128,2,32,100,0.00086794
256,2,32,100,0.000929686
512,2,32,100,0.000991573
1,2,32,128,0.000532049
2,2,32,128,0.000621691
4,2,32,128,0.000633054
8,2,32,128,0.000680284
16,2,32,128,0.000759233
32,2,32,128,0.000796352
64,2,32,128,0.000769171
128,2,32,128,0.000840811
256,2,32,128,0.000879969
512,2,32,128,0.00102995
1,2,32,200,0.000731442
2,2,32,200,0.000679494
4,2,32,200,0.000717097
8,2,32,200,0.000800163
16,2,32,200,0.000913519
32,2,32,200,0.000887296
64,2,32,200,0.000900289
128,2,32,200,0.000990926
256,2,32,200,0.00108241
512,2,32,200,0.00137439
1,2,32,256,0.000919105
2,2,32,256,0.000657793
4,2,32,256,0.000681664
8,2,32,256,0.000863644
16,2,32,256,0.000889824
32,2,32,256,0.000937245
64,2,32,256,0.000970505
128,2,32,256,0.00101162
256,2,32,256,0.00114839
512,2,32,256,0.00150172
1,2,32,300,0.00121983
2,2,32,300,0.000759585
4,2,32,300,0.000781484
8,2,32,300,0.000911059
16,2,32,300,0.00102033
32,2,32,300,0.00103691
64,2,32,300,0.00108152
128,2,32,300,0.0012097
256,2,32,300,0.00131883
512,2,32,300,0.00211213
1,2,32,32,0.000461809
2,2,32,32,0.000547753
4,2,32,32,0.000583427
8,2,32,32,0.000600754
16,2,32,32,0.000622507
32,2,32,32,0.000710824
64,2,32,32,0.00070704
128,2,32,32,0.000709187
256,2,32,32,0.000755417
512,2,32,32,0.000747673
1,2,32,400,0.00162227
2,2,32,400,0.000778604
4,2,32,400,0.000837136
8,2,32,400,0.00104176
16,2,32,400,0.00107475
32,2,32,400,0.00113285
64,2,32,400,0.0011611
128,2,32,400,0.00127787
256,2,32,400,0.00147056
512,2,32,400,0.00238324
1,2,32,64,0.000448695
2,2,32,64,0.000572083
4,2,32,64,0.000627932
8,2,32,64,0.000623545
16,2,32,64,0.000633922
32,2,32,64,0.000727801
64,2,32,64,0.000738196
128,2,32,64,0.000736541
256,2,32,64,0.00079361
512,2,32,64,0.000874909
1,2,64,100,0.000903247
2,2,64,100,0.00110436
4,2,64,100,0.00112756
8,2,64,100,0.00123686
16,2,64,100,0.00128408
32,2,64,100,0.0014422
64,2,64,100,0.00153538
128,2,64,100,0.00160438
256,2,64,100,0.00165393
512,2,64,100,0.00182673
1,2,64,128,0.000931242
2,2,64,128,0.00103411
4,2,64,128,0.00111274
8,2,64,128,0.00126248
16,2,64,128,0.00137722
32,2,64,128,0.00137124
64,2,64,128,0.00142415
128,2,64,128,0.00150176
256,2,64,128,0.0017002
512,2,64,128,0.00192304
1,2,64,200,0.00137313
2,2,64,200,0.00115733
4,2,64,200,0.00128807
8,2,64,200,0.0015216
16,2,64,200,0.00153619
32,2,64,200,0.00163896
64,2,64,200,0.00169406
128,2,64,200,0.00179396
256,2,64,200,0.00200714
512,2,64,200,0.00266275
1,2,64,256,0.00168972
2,2,64,256,0.00115024
4,2,64,256,0.00127256
8,2,64,256,0.00152185
16,2,64,256,0.00163347
32,2,64,256,0.00164228
64,2,64,256,0.00177565
128,2,64,256,0.00190071
256,2,64,256,0.00211818
512,2,64,256,0.00281952
1,2,64,300,0.00220058
2,2,64,300,0.0012855
4,2,64,300,0.00139065
8,2,64,300,0.00173248
16,2,64,300,0.00183656
32,2,64,300,0.00188087
64,2,64,300,0.00213206
128,2,64,300,0.00227458
256,2,64,300,0.00250714
512,2,64,300,0.00401734
1,2,64,32,0.000722781
2,2,64,32,0.000964967
4,2,64,32,0.00102141
8,2,64,32,0.00105563
16,2,64,32,0.00108163
32,2,64,32,0.00126472
64,2,64,32,0.00122947
128,2,64,32,0.00129267
256,2,64,32,0.00130688
512,2,64,32,0.00144503
1,2,64,64,0.000764977
2,2,64,64,0.000996192
4,2,64,64,0.00100078
8,2,64,64,0.0011388
16,2,64,64,0.00115017
32,2,64,64,0.00125124
64,2,64,64,0.00139505
128,2,64,64,0.00135593
256,2,64,64,0.0014142
512,2,64,64,0.00155417
1,3,128,100,0.00251818
2,3,128,100,0.00287904
4,3,128,100,0.00312478
8,3,128,100,0.00337434
16,3,128,100,0.00352735
32,3,128,100,0.00394419
64,3,128,100,0.00431042
128,3,128,100,0.00442406
256,3,128,100,0.0048717
512,3,128,100,0.00521666
1,3,128,128,0.00242831
2,3,128,128,0.00283142
4,3,128,128,0.00305503
8,3,128,128,0.0034637
16,3,128,128,0.0036785
32,3,128,128,0.00400552
64,3,128,128,0.00402488
128,3,128,128,0.00436747
256,3,128,128,0.00472789
512,3,128,128,0.00535658
1,3,128,200,0.00387385
2,3,128,200,0.00334078
4,3,128,200,0.00345399
8,3,128,200,0.0041008
16,3,128,200,0.00437529
32,3,128,200,0.00462635
64,3,128,200,0.0048392
128,3,128,200,0.00517894
256,3,128,200,0.00567206
512,3,128,200,0.00766273
1,3,128,256,0.00471645
2,3,128,256,0.00312575
4,3,128,256,0.0033989
8,3,128,256,0.00444303
16,3,128,256,0.00452872
32,3,128,256,0.00481061
64,3,128,256,0.00502135
128,3,128,256,0.00537278
256,3,128,256,0.00598642
512,3,128,256,0.00813619
1,3,128,300,0.0061601
2,3,128,300,0.00354411
4,3,128,300,0.00391563
8,3,128,300,0.00478853
16,3,128,300,0.00519035
32,3,128,300,0.00545892
64,3,128,300,0.00603872
128,3,128,300,0.00656132
256,3,128,300,0.00736456
512,3,128,300,0.0122047
1,3,128,32,0.00191891
2,3,128,32,0.00267187
4,3,128,32,0.00278338
8,3,128,32,0.0029707
16,3,128,32,0.00294247
32,3,128,32,0.00345974
64,3,128,32,0.00352374
128,3,128,32,0.00342541
256,3,128,32,0.00358821
512,3,128,32,0.00391627
1,3,128,400,0.00876202
2,3,128,400,0.00389396
4,3,128,400,0.00420807
8,3,128,400,0.00552148
16,3,128,400,0.00552602
32,3,128,400,0.00593297
64,3,128,400,0.00633175
128,3,128,400,0.0069263
256,3,128,400,0.00844114
512,3,128,400,
1,3,128,64,0.00206475
2,3,128,64,0.00270624
4,3,128,64,0.00290349
8,3,128,64,0.00307225
16,3,128,64,0.00310791
32,3,128,64,0.00349185
64,3,128,64,0.00366543
128,3,128,64,0.00384878
256,3,128,64,0.00403635
512,3,128,64,0.00447054
1,3,200,100,0.00387627
2,3,200,100,0.0046174
4,3,200,100,0.00477403
8,3,200,100,0.00515986
16,3,200,100,0.00539758
32,3,200,100,0.00620702
64,3,200,100,0.00648983
128,3,200,100,0.00676538
256,3,200,100,0.0073131
512,3,200,100,0.00812224
1,3,200,128,0.00375904
2,3,200,128,0.00426403
4,3,200,128,0.00456205
8,3,200,128,0.00532466
16,3,200,128,0.00568729
32,3,200,128,0.00606068
64,3,200,128,0.00630506
128,3,200,128,0.00665257
256,3,200,128,0.00726876
512,3,200,128,0.00807059
1,3,200,200,0.00593806
2,3,200,200,0.00523025
4,3,200,200,0.00528183
8,3,200,200,0.00645659
16,3,200,200,0.00663871
32,3,200,200,0.00724015
64,3,200,200,0.00765426
128,3,200,200,0.00803843
256,3,200,200,0.00890783
512,3,200,200,0.0117221
1,3,200,256,0.00742888
2,3,200,256,0.00493578
4,3,200,256,0.00518864
8,3,200,256,0.00649792
16,3,200,256,0.00716726
32,3,200,256,0.00743315
64,3,200,256,0.00779658
128,3,200,256,0.00832413
256,3,200,256,0.00928356
512,3,200,256,
1,3,200,300,0.00907884
2,3,200,300,0.00555542
4,3,200,300,0.00581254
8,3,200,300,0.00757605
16,3,200,300,0.00795846
32,3,200,300,0.00864643
64,3,200,300,0.00941111
128,3,200,300,0.00998184
256,3,200,300,0.0113755
512,3,200,300,
1,3,200,32,0.00287681
2,3,200,32,0.00404607
4,3,200,32,0.00408411
8,3,200,32,0.00434577
16,3,200,32,0.00442486
32,3,200,32,0.00525818
64,3,200,32,0.0052642
128,3,200,32,0.00534749
256,3,200,32,0.00575838
512,3,200,32,0.00603161
1,3,200,400,0.0137583
2,3,200,400,0.00600122
4,3,200,400,0.00631042
8,3,200,400,0.00828113
16,3,200,400,0.00896824
32,3,200,400,0.00916231
64,3,200,400,0.00965318
128,3,200,400,0.0105785
256,3,200,400,0.0130678
512,3,200,400,
1,3,200,64,0.00294472
2,3,200,64,0.00411053
4,3,200,64,0.00423513
8,3,200,64,0.00467423
16,3,200,64,0.00475144
32,3,200,64,0.00545796
64,3,200,64,0.00560741
128,3,200,64,0.00608812
256,3,200,64,0.00634011
512,3,200,64,0.00697219
1,3,256,100,0.00483014
2,3,256,100,0.00571722
4,3,256,100,0.00607753
8,3,256,100,0.00653875
16,3,256,100,0.00670818
32,3,256,100,0.00798866
64,3,256,100,0.0085587
128,3,256,100,0.00879709
256,3,256,100,0.00924855
512,3,256,100,0.0102937
1,3,256,128,0.00489395
2,3,256,128,0.00558936
4,3,256,128,0.0058441
8,3,256,128,0.00659606
16,3,256,128,0.0072594
32,3,256,128,0.00774607
64,3,256,128,0.00810321
128,3,256,128,0.00854075
256,3,256,128,0.00913544
512,3,256,128,0.0103778
1,3,256,200,0.00760385
2,3,256,200,0.00637829
4,3,256,200,0.00699692
8,3,256,200,0.00834149
16,3,256,200,0.00876531
32,3,256,200,0.00923813
64,3,256,200,0.00976786
128,3,256,200,0.0100235
256,3,256,200,0.011256
512,3,256,200,
1,3,256,256,0.00949915
2,3,256,256,0.00612477
4,3,256,256,0.00670214
8,3,256,256,0.00833308
16,3,256,256,0.00881575
32,3,256,256,0.00957705
64,3,256,256,0.0100534
128,3,256,256,0.0106494
256,3,256,256,0.0119293
512,3,256,256,
1,3,256,300,0.0121338
2,3,256,300,0.00685445
4,3,256,300,0.00740779
8,3,256,300,0.00955704
16,3,256,300,0.0101062
32,3,256,300,0.0110819
64,3,256,300,0.0119912
128,3,256,300,0.0128799
256,3,256,300,0.0144376
512,3,256,300,
1,3,256,32,0.00372359
2,3,256,32,0.00501227
4,3,256,32,0.00525822
8,3,256,32,0.00554447
16,3,256,32,0.00579086
32,3,256,32,0.00673996
64,3,256,32,0.00658088
128,3,256,32,0.00684863
256,3,256,32,0.00734667
512,3,256,32,0.00784127
1,3,256,400,0.0177073
2,3,256,400,0.00733868
4,3,256,400,0.0081735
8,3,256,400,0.0107568
16,3,256,400,0.0112986
32,3,256,400,0.0116529
64,3,256,400,0.0123806
128,3,256,400,0.0134899
256,3,256,400,
512,3,256,400,
1,3,256,64,0.00391791
2,3,256,64,0.00522974
4,3,256,64,0.00541838
8,3,256,64,0.00612684
16,3,256,64,0.0059911
32,3,256,64,0.00687957
64,3,256,64,0.00767225
128,3,256,64,0.00817118
256,3,256,64,0.00794153
512,3,256,64,0.00875059
1,3,32,100,0.000746366
2,3,32,100,0.000906761
4,3,32,100,0.000904922
8,3,32,100,0.000990757
16,3,32,100,0.000979606
32,3,32,100,0.00111642
64,3,32,100,0.00121525
128,3,32,100,0.00125103
256,3,32,100,0.00129957
512,3,32,100,0.00149222
1,3,32,128,0.000718384
2,3,32,128,0.000836764
4,3,32,128,0.000854252
8,3,32,128,0.00101059
16,3,32,128,0.00107241
32,3,32,128,0.00113337
64,3,32,128,0.00110414
128,3,32,128,0.00118049
256,3,32,128,0.00128533
512,3,32,128,0.0014321
1,3,32,200,0.00108164
2,3,32,200,0.000995073
4,3,32,200,0.00102163
8,3,32,200,0.00118042
16,3,32,200,0.00123828
32,3,32,200,0.00128116
64,3,32,200,0.00135327
128,3,32,200,0.00137277
256,3,32,200,0.00155026
512,3,32,200,0.00204268
1,3,32,256,0.0013153
2,3,32,256,0.00094084
4,3,32,256,0.00095942
8,3,32,256,0.0011894
16,3,32,256,0.0013033
32,3,32,256,0.00133394
64,3,32,256,0.00136386
128,3,32,256,0.00147078
256,3,32,256,0.00164294
512,3,32,256,0.00218272
1,3,32,300,0.00170372
2,3,32,300,0.00105604
4,3,32,300,0.00110517
8,3,32,300,0.00137864
16,3,32,300,0.00142487
32,3,32,300,0.0015013
64,3,32,300,0.00160553
128,3,32,300,0.00177957
256,3,32,300,0.00196757
512,3,32,300,0.00309582
1,3,32,32,0.000590029
2,3,32,32,0.000811806
4,3,32,32,0.000850867
8,3,32,32,0.000881129
16,3,32,32,0.000860368
32,3,32,32,0.000965604
64,3,32,32,0.000959658
128,3,32,32,0.00104173
256,3,32,32,0.00103253
512,3,32,32,0.00109812
1,3,32,400,0.00241156
2,3,32,400,0.00112517
4,3,32,400,0.00121194
8,3,32,400,0.00147894
16,3,32,400,0.00153833
32,3,32,400,0.00163704
64,3,32,400,0.00169017
128,3,32,400,0.00182808
256,3,32,400,0.00224292
512,3,32,400,0.00358399
1,3,32,64,0.00065781
2,3,32,64,0.000811164
4,3,32,64,0.000860951
8,3,32,64,0.000895052
16,3,32,64,0.000924167
32,3,32,64,0.000990226
64,3,32,64,0.00106524
128,3,32,64,0.00103558
256,3,32,64,0.00107413
512,3,32,64,0.00124957
1,3,64,100,0.0013252
2,3,64,100,0.00158563
4,3,64,100,0.00162184
8,3,64,100,0.00177726
16,3,64,100,0.00182581
32,3,64,100,0.00209011
64,3,64,100,0.00215386
128,3,64,100,0.00228043
256,3,64,100,0.00248397
512,3,64,100,0.00269622
1,3,64,128,0.00133626
2,3,64,128,0.00153489
4,3,64,128,0.00163332
8,3,64,128,0.00179592
16,3,64,128,0.00196517
32,3,64,128,0.00209696
64,3,64,128,0.00209847
128,3,64,128,0.00224334
256,3,64,128,0.00238109
512,3,64,128,0.00277319
1,3,64,200,0.00208685
2,3,64,200,0.00175083
4,3,64,200,0.00187655
8,3,64,200,0.00216587
16,3,64,200,0.00230548
32,3,64,200,0.00239781
64,3,64,200,0.00247368
128,3,64,200,0.00269789
256,3,64,200,0.00287726
512,3,64,200,0.00387817
1,3,64,256,0.00248101
2,3,64,256,0.00165834
4,3,64,256,0.00175429
8,3,64,256,0.00221743
16,3,64,256,0.00240987
32,3,64,256,0.00245172
64,3,64,256,0.00259096
128,3,64,256,0.0028224
256,3,64,256,0.00311036
512,3,64,256,0.00412504
1,3,64,32,0.00103384
2,3,64,32,0.00137904
4,3,64,32,0.00148039
8,3,64,32,0.00153934
16,3,64,32,0.00156868
32,3,64,32,0.00181918
64,3,64,32,0.0017641
128,3,64,32,0.00182447
256,3,64,32,0.0018752
512,3,64,32,0.00200007
1,3,64,64,0.00106442
2,3,64,64,0.0014626
4,3,64,64,0.00154149
8,3,64,64,0.00159441
16,3,64,64,0.00167572
32,3,64,64,0.00181733
64,3,64,64,0.00188231
128,3,64,64,0.00191646
256,3,64,64,0.00203491
512,3,64,64,0.00229002
1,4,128,100,0.00325424
2,4,128,100,0.00381452
4,4,128,100,0.00406194
8,4,128,100,0.00460558
16,4,128,100,0.00461259
32,4,128,100,0.00521183
64,4,128,100,0.00542319
128,4,128,100,0.00579998
256,4,128,100,0.00619745
512,4,128,100,0.00692027
1,4,128,128,0.00330413
2,4,128,128,0.00382999
4,4,128,128,0.00395367
8,4,128,128,0.00451102
16,4,128,128,0.00494691
32,4,128,128,0.00512483
64,4,128,128,0.0052184
128,4,128,128,0.0057924
256,4,128,128,0.00611752
512,4,128,128,0.00687359
1,4,128,200,0.00498474
2,4,128,200,0.00442435
4,4,128,200,0.00462281
8,4,128,200,0.00542475
16,4,128,200,0.00591266
32,4,128,200,0.00607158
64,4,128,200,0.00648372
128,4,128,200,0.00685608
256,4,128,200,0.00751759
512,4,128,200,0.0100771
1,4,128,256,0.00631619
2,4,128,256,0.00414919
4,4,128,256,0.00443689
8,4,128,256,0.00563481
16,4,128,256,0.00593146
32,4,128,256,0.00625509
64,4,128,256,0.00672783
128,4,128,256,0.00708927
256,4,128,256,0.00802324
512,4,128,256,0.0107343
1,4,128,300,0.00857583
2,4,128,300,0.00479705
4,4,128,300,0.00508319
8,4,128,300,0.00650685
16,4,128,300,0.00695812
32,4,128,300,0.0073006
64,4,128,300,0.00807081
128,4,128,300,0.0086735
256,4,128,300,0.00986805
512,4,128,300,0.0161848
1,4,128,32,0.00260086
2,4,128,32,0.003502
4,4,128,32,0.00357237
8,4,128,32,0.0037615
16,4,128,32,0.00383486
32,4,128,32,0.00447601
64,4,128,32,0.00456617
128,4,128,32,0.00460685
256,4,128,32,0.00471707
512,4,128,32,0.00520922
1,4,128,400,0.0121223
2,4,128,400,0.00512499
4,4,128,400,0.00560765
8,4,128,400,0.00725806
16,4,128,400,0.00725195
32,4,128,400,0.00770285
64,4,128,400,0.00830595
128,4,128,400,0.00918464
256,4,128,400,0.0112703
512,4,128,400,
1,4,128,64,0.00260718
2,4,128,64,0.00345775
4,4,128,64,0.00369283
8,4,128,64,0.00403648
16,4,128,64,0.00418681
32,4,128,64,0.00467227
64,4,128,64,0.00478764
128,4,128,64,0.00492193
256,4,128,64,0.00523219
512,4,128,64,0.00573507
1,4,200,100,0.00504755
2,4,200,100,0.00613365
4,4,200,100,0.00613026
8,4,200,100,0.00681952
16,4,200,100,0.00699219
32,4,200,100,0.00818183
64,4,200,100,0.00858785
128,4,200,100,0.00936565
256,4,200,100,0.0095458
512,4,200,100,0.0105066
1,4,200,128,0.00507314
2,4,200,128,0.00573076
4,4,200,128,0.00599616
8,4,200,128,0.00688882
16,4,200,128,0.00748738
32,4,200,128,0.00795713
64,4,200,128,0.00837811
128,4,200,128,0.00886994
256,4,200,128,0.00956654
512,4,200,128,0.0108968
1,4,200,200,0.00782688
2,4,200,200,0.00676003
4,4,200,200,0.0072245
8,4,200,200,0.00848207
16,4,200,200,0.00911329
32,4,200,200,0.00961404
64,4,200,200,0.0102201
128,4,200,200,0.0105673
256,4,200,200,0.0116692
512,4,200,200,0.0155306
1,4,200,256,0.00981547
2,4,200,256,0.00636868
4,4,200,256,0.0067928
8,4,200,256,0.00885731
16,4,200,256,0.00947183
32,4,200,256,0.00984904
64,4,200,256,0.010305
128,4,200,256,0.0108954
256,4,200,256,0.0122771
512,4,200,256,
1,4,200,300,0.0125555
2,4,200,300,0.00705468
4,4,200,300,0.00796423
8,4,200,300,0.0100609
16,4,200,300,0.0105109
32,4,200,300,0.0114484
64,4,200,300,0.0125668
128,4,200,300,0.0135249
256,4,200,300,0.0151367
512,4,200,300,
1,4,200,32,0.00387388
2,4,200,32,0.00523375
4,4,200,32,0.00555438
8,4,200,32,0.00608552
16,4,200,32,0.00604293
32,4,200,32,0.00703114
64,4,200,32,0.00696004
128,4,200,32,0.00732402
256,4,200,32,0.00754837
512,4,200,32,0.00781172
1,4,200,400,0.0181545
2,4,200,400,0.00795657
4,4,200,400,0.00844576
8,4,200,400,0.0113604
16,4,200,400,0.0117933
32,4,200,400,0.0122111
64,4,200,400,0.0130425
128,4,200,400,0.0142322
256,4,200,400,0.0176677
512,4,200,400,
1,4,200,64,0.00408634
2,4,200,64,0.00545087
4,4,200,64,0.00589371
8,4,200,64,0.00625375
16,4,200,64,0.00638678
32,4,200,64,0.00711701
64,4,200,64,0.0073582
128,4,200,64,0.00807806
256,4,200,64,0.00812347
512,4,200,64,0.00888783
1,4,256,100,0.00633156
2,4,256,100,0.00775557
4,4,256,100,0.00785681
8,4,256,100,0.00863207
16,4,256,100,0.00915493
32,4,256,100,0.0103261
64,4,256,100,0.011183
128,4,256,100,0.0114342
256,4,256,100,0.0121334
512,4,256,100,0.0133722
1,4,256,128,0.00631978
2,4,256,128,0.00715814
4,4,256,128,0.00762784
8,4,256,128,0.00883691
16,4,256,128,0.00947191
32,4,256,128,0.0104617
64,4,256,128,0.0108147
128,4,256,128,0.011076
256,4,256,128,0.0122396
512,4,256,128,0.0138066
1,4,256,200,0.00973555
2,4,256,200,0.00864637
4,4,256,200,0.00898536
8,4,256,200,0.0109185
16,4,256,200,0.011633
32,4,256,200,0.0121715
64,4,256,200,0.013063
128,4,256,200,0.0137676
256,4,256,200,0.0149603
512,4,256,200,
1,4,256,256,0.0125933
2,4,256,256,0.00805184
4,4,256,256,0.00870438
8,4,256,256,0.0112167
16,4,256,256,0.0118065
32,4,256,256,0.0126451
64,4,256,256,0.0131869
128,4,256,256,0.0139723
256,4,256,256,0.0157588
512,4,256,256,
1,4,256,300,0.016101
2,4,256,300,0.00916335
4,4,256,300,0.00994005
8,4,256,300,0.0127572
16,4,256,300,0.0138371
32,4,256,300,0.0145709
64,4,256,300,0.0160055
128,4,256,300,0.0169059
256,4,256,300,0.0192439
512,4,256,300,
1,4,256,32,0.00498182
2,4,256,32,0.00679245
4,4,256,32,0.00682332
8,4,256,32,0.00737948
16,4,256,32,0.00760637
32,4,256,32,0.00884728
64,4,256,32,0.0088591
128,4,256,32,0.00897209
256,4,256,32,0.00953396
512,4,256,32,0.01027
1,4,256,400,0.02355
2,4,256,400,0.00993335
4,4,256,400,0.0108586
8,4,256,400,0.0143749
16,4,256,400,0.015084
32,4,256,400,0.0156214
64,4,256,400,0.0167347
128,4,256,400,0.0183463
256,4,256,400,
512,4,256,400,
1,4,256,64,0.00508394
2,4,256,64,0.00701918
4,4,256,64,0.00713769
8,4,256,64,0.00786897
16,4,256,64,0.00802607
32,4,256,64,0.00912952
64,4,256,64,0.00932619
128,4,256,64,0.010762
256,4,256,64,0.010402
512,4,256,64,0.0116375
1,4,32,100,0.000947621
2,4,32,100,0.00114378
4,4,32,100,0.00118975
8,4,32,100,0.00124734
16,4,32,100,0.00132097
32,4,32,100,0.0014889
64,4,32,100,0.00154568
128,4,32,100,0.00154344
256,4,32,100,0.00168575
512,4,32,100,0.00188267
1,4,32,128,0.00094027
2,4,32,128,0.00109445
4,4,32,128,0.00114593
8,4,32,128,0.0013157
16,4,32,128,0.00135574
32,4,32,128,0.00143589
64,4,32,128,0.00142873
128,4,32,128,0.00158566
256,4,32,128,0.00169279
512,4,32,128,0.00194433
1,4,32,200,0.00137355
2,4,32,200,0.00121424
4,4,32,200,0.00131476
8,4,32,200,0.00155234
16,4,32,200,0.00160218
32,4,32,200,0.00167072
64,4,32,200,0.00174375
128,4,32,200,0.00182113
256,4,32,200,0.00202729
512,4,32,200,0.0026679
1,4,32,256,0.00169987
2,4,32,256,0.00118419
4,4,32,256,0.00127582
8,4,32,256,0.00156975
16,4,32,256,0.00163683
32,4,32,256,0.00173933
64,4,32,256,0.00178978
128,4,32,256,0.00192149
256,4,32,256,0.00215655
512,4,32,256,0.00283457
1,4,32,300,0.00224775
2,4,32,300,0.00138267
4,4,32,300,0.00141645
8,4,32,300,0.00176021
16,4,32,300,0.00187258
32,4,32,300,0.00194664
64,4,32,300,0.00213314
128,4,32,300,0.00228874
256,4,32,300,0.00259923
512,4,32,300,0.00411913
1,4,32,32,0.000779773
2,4,32,32,0.00102331
4,4,32,32,0.00105051
8,4,32,32,0.00106839
16,4,32,32,0.00110617
32,4,32,32,0.00129164
64,4,32,32,0.00127073
128,4,32,32,0.00134231
256,4,32,32,0.00133059
512,4,32,32,0.00137125
1,4,32,400,0.00311935
2,4,32,400,0.001457
4,4,32,400,0.00157749
8,4,32,400,0.00196637
16,4,32,400,0.00204529
32,4,32,400,0.00211085
64,4,32,400,0.00221428
128,4,32,400,0.0024523
256,4,32,400,0.00292955
512,4,32,400,0.00485534
1,4,32,64,0.000838345
2,4,32,64,0.00106148
4,4,32,64,0.00108875
8,4,32,64,0.00116365
16,4,32,64,0.00119149
32,4,32,64,0.00134716
64,4,32,64,0.00133342
128,4,32,64,0.00138135
256,4,32,64,0.00145712
512,4,32,64,0.00159428
1,4,64,100,0.00175126
2,4,64,100,0.00207173
4,4,64,100,0.00209976
8,4,64,100,0.00235866
16,4,64,100,0.0024528
32,4,64,100,0.00268091
64,4,64,100,0.00284753
128,4,64,100,0.00295795
256,4,64,100,0.00332564
512,4,64,100,0.00347097
1,4,64,128,0.00173716
2,4,64,128,0.00198073
4,4,64,128,0.00212413
8,4,64,128,0.00231317
16,4,64,128,0.00256119
32,4,64,128,0.00269198
64,4,64,128,0.00271036
128,4,64,128,0.00286278
256,4,64,128,0.00323128
512,4,64,128,0.0036889
1,4,64,200,0.00263414
2,4,64,200,0.00225517
4,4,64,200,0.00246435
8,4,64,200,0.00289256
16,4,64,200,0.00302352
32,4,64,200,0.00314918
64,4,64,200,0.00328856
128,4,64,200,0.00356789
256,4,64,200,0.00381861
512,4,64,200,0.00510223
1,4,64,256,0.00330718
2,4,64,256,0.00219657
4,4,64,256,0.0023304
8,4,64,256,0.00290465
16,4,64,256,0.00312121
32,4,64,256,0.00322835
64,4,64,256,0.00334652
128,4,64,256,0.00369719
256,4,64,256,0.00409052
512,4,64,256,0.00548597
1,4,64,32,0.00137622
2,4,64,32,0.00185859
4,4,64,32,0.00188181
8,4,64,32,0.00206952
16,4,64,32,0.00198834
32,4,64,32,0.00237989
64,4,64,32,0.00238072
128,4,64,32,0.00238388
256,4,64,32,0.0025056
512,4,64,32,0.00256055
1,4,64,64,0.00145652
2,4,64,64,0.00190313
4,4,64,64,0.00194155
8,4,64,64,0.00216939
16,4,64,64,0.00217682
32,4,64,64,0.00248864
64,4,64,64,0.002496
128,4,64,64,0.00255654
256,4,64,64,0.00276797
512,4,64,64,0.00302757
1,6,32,100,0.00142999
2,6,32,100,0.00164512
4,6,32,100,0.00173661
8,6,32,100,0.00187735
16,6,32,100,0.00190811
32,6,32,100,0.00216751
64,6,32,100,0.00219665
128,6,32,100,0.00228194
256,6,32,100,0.00252544
512,6,32,100,0.00267843
1,6,32,128,0.00146011
2,6,32,128,0.00152315
4,6,32,128,0.0016577
8,6,32,128,0.00185863
16,6,32,128,0.00202746
32,6,32,128,0.00213886
64,6,32,128,0.00215967
128,6,32,128,0.00227916
256,6,32,128,0.00248176
512,6,32,128,0.00281816
1,6,32,200,0.002138
2,6,32,200,0.00178235
4,6,32,200,0.00187532
8,6,32,200,0.0022741
16,6,32,200,0.002387
32,6,32,200,0.00245627
64,6,32,200,0.00260804
128,6,32,200,0.00266587
256,6,32,200,0.00298642
512,6,32,200,0.0039363
1,6,32,256,0.00257636
2,6,32,256,0.00175782
4,6,32,256,0.00184117
8,6,32,256,0.00231508
16,6,32,256,0.0024762
32,6,32,256,0.00259415
64,6,32,256,0.00266219
128,6,32,256,0.00288048
256,6,32,256,0.00320316
512,6,32,256,0.00419724
1,6,32,300,0.00331544
2,6,32,300,0.00201893
4,6,32,300,0.00212949
8,6,32,300,0.00269105
16,6,32,300,0.0027969
32,6,32,300,0.0029573
64,6,32,300,0.00313429
128,6,32,300,0.00340364
256,6,32,300,0.00385337
512,6,32,300,0.00620913
1,6,32,32,0.00117878
2,6,32,32,0.00149566
4,6,32,32,0.00152078
8,6,32,32,0.00164458
16,6,32,32,0.00159729
32,6,32,32,0.00183483
64,6,32,32,0.00186708
128,6,32,32,0.00184183
256,6,32,32,0.00191132
512,6,32,32,0.00202199
1,6,32,400,0.00452451
2,6,32,400,0.00215679
4,6,32,400,0.00223396
8,6,32,400,0.0029137
16,6,32,400,0.00295079
32,6,32,400,0.00310741
64,6,32,400,0.00321692
128,6,32,400,0.00358465
256,6,32,400,0.00441832
512,6,32,400,0.00727542
1,6,32,64,0.00119675
2,6,32,64,0.00150204
4,6,32,64,0.00157342
8,6,32,64,0.00173908
16,6,32,64,0.00171671
32,6,32,64,0.00193623
64,6,32,64,0.00193983
128,6,32,64,0.00196933
256,6,32,64,0.00211896
512,6,32,64,0.00224554
1,6,64,100,0.00258854
2,6,64,100,0.00299777
4,6,64,100,0.00311353
8,6,64,100,0.0034689
16,6,64,100,0.00361189
32,6,64,100,0.00415963
64,6,64,100,0.00418669
128,6,64,100,0.00462838
256,6,64,100,0.00490114
512,6,64,100,0.00533155
1,6,64,128,0.00257935
2,6,64,128,0.00281246
4,6,64,128,0.00314024
8,6,64,128,0.00353984
16,6,64,128,0.00369417
32,6,64,128,0.00401703
64,6,64,128,0.00416599
128,6,64,128,0.00423263
256,6,64,128,0.00478793
512,6,64,128,0.00538764
1,6,64,200,0.00385815
2,6,64,200,0.00342857
4,6,64,200,0.00351904
8,6,64,200,0.00414243
16,6,64,200,0.00451587
32,6,64,200,0.00476541
64,6,64,200,0.00482374
128,6,64,200,0.00526723
256,6,64,200,0.00568674
512,6,64,200,0.00772241
1,6,64,256,0.00478736
2,6,64,256,0.00326487
4,6,64,256,0.00344111
8,6,64,256,0.00441429
16,6,64,256,0.00472359
32,6,64,256,0.0047752
64,6,64,256,0.00501706
128,6,64,256,0.00549037
256,6,64,256,0.00610691
512,6,64,256,0.00815029
1,6,64,32,0.00202287
2,6,64,32,0.00268963
4,6,64,32,0.00275642
8,6,64,32,0.00289994
16,6,64,32,0.00304712
32,6,64,32,0.00351975
64,6,64,32,0.0034487
128,6,64,32,0.00347687
256,6,64,32,0.00364704
512,6,64,32,0.00374213
1,6,64,64,0.00206922
2,6,64,64,0.00271073
4,6,64,64,0.00288405
8,6,64,64,0.00315434
16,6,64,64,0.0031454
32,6,64,64,0.00361769
64,6,64,64,0.00366066
128,6,64,64,0.00378573
256,6,64,64,0.0039341
512,6,64,64,0.00434786
